team_id,fifa_code,model_version,default_formation,attack,midfield,defense,goalkeeping,depth,set_pieces,overall,lineup_player_ids,lineup_roles,confidence_score,uncertainty,is_estimated
algeria,ALG,rating-model-2026.06.24-v1,4-3-3,69,69,69,72,70,70,70,7c992aeb-94fa-5854-b865-9e6cfe3aa567|41e5d6d1-5323-5443-a256-6ae2b337e3a0|f65158e1-30fa-5bfe-b4b1-324575b58690|fcee07ef-57ec-516a-8c74-e8a0549cc70e|00795a93-8d2a-54a4-b3b0-ba8cb81a79df|20d5bb1e-e85b-52f2-9237-e6697a4067fd|8c2666b9-53ed-5e2b-a0a6-640dfccb2146|c0da1cd0-4440-5b11-b731-7aa26ab51eae|bbd9e9c9-86b4-52bc-a05e-3c8bfd09dd8c|56fe0ab7-7e19-5890-907e-fc56adfaf40e|953fb38b-4e62-5922-8d7b-30512c5f11d6,GK|FB|CB|CB|FB|DM|CM|AM|WG|ST|WG,0.643,0.357,true
argentina,ARG,rating-model-2026.06.24-v1,4-3-3,70,71,70,78,72,73,72,d3696586-0101-59b6-a934-7e20550fbd14|461fcc29-23ee-5ddf-9b6d-a03122654d07|8190492a-55b0-5965-ae21-fe5cff6caf29|069eee74-e120-5c6d-b6e5-ea53a9d9dcfb|29f1c4b4-80c4-5b3e-b3ce-cfb02bb38f56|1fd6a19d-22ac-57ce-9deb-b0c8a981953f|3573eb67-4ed2-59d2-8061-736cd1213416|0f6dfdf6-e6ce-51a6-8725-092ae0b7e409|633de4cf-a570-5a73-bac8-0c05129543d9|df195676-eadf-51a7-ac2c-73b8db193329|18225503-ca9e-52ad-b8e4-092741a98d77,GK|FB|CB|CB|FB|DM|CM|AM|WG|ST|WG,0.673,0.327,true
australia,AUS,rating-model-2026.06.24-v1,4-3-3,69,70,69,75,69,71,70,b2be85e0-69f1-5d92-b48b-4be74a8c174e|1149a5f0-41f9-5aa9-8d20-54dc0e258cd8|589c0688-ebff-5d4e-bf88-6bc7ffbfe443|99674480-93bb-5212-970a-e4820213367e|8dbcc0a8-8520-5aa3-a372-af07cb370aa7|1c69658f-e6ee-5eb2-907f-e98a7b86a5c7|cd7072a5-62d5-50ed-962c-d546e335af30|f77ad7dd-bfd1-5232-aaf4-1b6ff70f8938|bb519a25-1a51-5599-86ea-c2453630a760|16a647f7-3a4f-58f0-a945-c6962f8d501a|fc9879a8-a21f-5eeb-af09-5350fb2a9a1e,GK|FB|CB|CB|FB|DM|CM|AM|WG|ST|WG,0.638,0.362,true
austria,AUT,rating-model-2026.06.24-v1,4-3-3,69,70,70,75,71,71,71,cb8872b6-a672-5332-816c-8172c6d0ab32|0b427c06-34cd-5c4e-ad4a-6a0edd1f03cf|938aa600-5745-5c78-aee9-1ce24eaa8772|9f7bc329-ec0a-5231-ac39-4c0a076b5021|02e33741-224b-5773-a781-16ff2e814ebc|17b6130d-7027-5f4d-b999-2f6c040e5365|8fee4361-3ba9-5c8f-8b09-0c2a25b1d43c|bdc02d77-5a7e-5a20-8739-9c72360f612b|8ed15ddf-289a-5597-96b6-a496fbc187b3|b1712c91-d5ff-5bdd-9d00-9a007951aaac|ab29ec63-c1fa-5432-8a6d-00a3ecc76363,GK|FB|CB|CB|FB|DM|CM|AM|WG|ST|WG,0.654,0.346,true
belgium,BEL,rating-model-2026.06.24-v1,4-3-3,70,70,70,78,70,73,71,913725fe-860d-5528-b263-904ea2d8060e|1eff9d07-c8b6-5a56-920e-1a02e0d5f106|97399eba-43b3-580a-bc6d-82000f377ab2|d9366291-3389-5d03-be0c-bdd4c2186a00|929bf784-3783-5ea2-bb35-68bf42b87956|26c665be-f74f-53f7-877d-020c1340e0cc|c21e0dc9-d7bf-56ae-9d65-4f338e66eb10|40222de9-bb15-51e6-9154-79f92aa4ca6f|23f2d263-64d4-52f4-9046-bfccb66b9b21|d677fd74-24a6-5ce9-856d-ef78e83ae365|f8a6f458-3180-53d4-a2d2-f653dc610d61,GK|FB|CB|CB|FB|DM|CM|AM|WG|ST|WG,0.661,0.339,true
bosnia-and-herzegovina,BIH,rating-model-2026.06.24-v1,4-3-3,67,67,68,74,68,70,68,d89d6dee-3635-5c4e-b253-092d4acf7acf|fd6d49c2-40f3-564d-838f-4b59ebfa7bff|3fbdb307-0e28-5803-8eb1-c454d31d649a|8b8a6e73-fe9a-5e0a-bda3-7a5aec98c89f|0a7b668b-8e2e-532f-ac1b-fe654f7e9582|bd280ae1-b094-5d87-b383-49318c11fb15|cab7e64b-0afd-5b73-a3dd-ed7c5f8c1c3d|1d3c1c48-fa4a-5d7c-9810-cb5a657fb3ac|702ad0d5-d985-54bb-bd48-97f5e343fe2b|3738f6d0-d36c-5efa-b774-72e73cd35c88|2da2c919-2465-5d52-8b23-dab93e854c15,GK|FB|CB|CB|FB|DM|CM|AM|WG|ST|WG,0.618,0.382,true
brazil,BRA,rating-model-2026.06.24-v1,4-3-3,70,71,70,77,71,72,71,606192d7-c9c1-5c04-a00c-c4579ce6fd2b|5708201c-0641-511a-adde-76df329c6391|584f1903-2368-51cb-8059-7015b3c70fe8|7b6731a2-320c-5173-8622-5a29d24dd88d|acdad5c3-b981-587b-bc46-18a16a44e080|1f21ef03-2f37-5709-813e-29a36afe3e5a|08bf38e1-579f-5ae2-9072-de5881acf2a5|de2339f3-7ac0-549e-a56b-accc99f6cbe0|0e33080a-f15d-5e58-a61f-1292459ef18b|6fa8caaf-2666-5844-a10f-d341b8e4e64e|281d9b96-419d-5101-9519-af5e9f18970c,GK|FB|CB|CB|FB|DM|CM|AM|WG|ST|WG,0.661,0.339,true
cabo-verde,CPV,rating-model-2026.06.24-v1,4-3-3,67,68,67,72,68,69,68,2d917013-b543-5f82-bbf0-125e04894e78|77f886c8-01f7-5a4d-82d5-684b4fc4d783|f187d93a-3fe2-5194-9275-2affdef3a34b|ec4249d5-5125-526b-86e4-a17f7171b34a|805e34de-758d-5d42-9d8a-4d8c090427dc|84996102-c89f-546d-9047-531e4ca7f25f|b04138f1-3a8a-5b87-ba72-7a81715ee88a|c6f21bd1-e1f5-5b54-bfb6-e8bf007ee7e7|029ba144-0357-51e0-9b57-0c1367d0623b|3cdaf854-ff5f-508b-bbc3-9c2d20efcee7|b8db7084-0df3-5632-9197-82d5f8c0c193,GK|FB|CB|CB|FB|DM|CM|AM|WG|ST|WG,0.632,0.368,true
canada,CAN,rating-model-2026.06.24-v1,4-3-3,70,69,69,74,70,71,70,57264da7-4c4d-5bcc-bfa0-11c2c087eec1|69d20336-a92f-5abe-9892-39bf259e9e5c|cd659a36-e8bb-51eb-8423-5875cc04a134|d1497e97-c066-528d-9e5c-2ad4eed7ccb1|f5bc413d-56c6-5694-b4e0-a98ac7fd36e1|0603f19c-7be3-5933-9838-2f89273fb097|0edb7abe-8432-58d8-bbee-3eda558eb5a2|30c1d651-b68e-59ae-8258-4d09290ee0a6|ddf0dc31-8cb0-57c7-905f-ffa4a21711aa|22070799-6991-531b-97f3-b4e748183d8c|3e161900-dbbd-5889-9195-8f0dc07650c3,GK|FB|CB|CB|FB|DM|CM|AM|WG|ST|WG,0.655,0.345,true
colombia,COL,rating-model-2026.06.24-v1,4-3-3,69,70,70,75,71,71,71,1148200d-6e14-56d1-9e01-08372807c8b7|1ee120e3-da62-556e-aa93-97cdcef96886|5e1daa78-ac9b-5c53-968e-66428aa2738d|df6df0b9-134c-53a2-b5ab-afc80a8feacc|fa522d92-9e4b-5ea6-aaf0-e623cd0dd762|4777c945-9191-578e-b65c-df69340f54ee|544a0553-28e5-59a8-8f35-1b9618f5e773|c6124b3b-2d50-59bc-91ed-fb1e323cedc4|c5629949-c1e8-5258-913a-1956a5236eca|4ea26674-6249-5c43-b82a-c50c7013f569|8225bcab-3f27-51e2-8edc-a2bd58952825,GK|FB|CB|CB|FB|DM|CM|AM|WG|ST|WG,0.664,0.336,true
congo-dr,COD,rating-model-2026.06.24-v1,4-3-3,68,68,68,73,69,70,69,37995ec8-4dc0-5ebf-860a-24e06859c8a8|b3e10328-639e-5f7d-b124-bb61c48d8600|02ad3db6-5281-5e3d-8c57-aae91bd6b114|21e5acf7-662b-5349-b235-b8a43895af42|429fb8d0-5ec3-53ad-82a6-94000cf0ff48|0b64b8db-2499-5e82-bdf3-191668a62dd7|2cdfcae6-98cb-57d2-bf93-d482ea39154d|c19056c6-c2f2-5a6e-a3ab-d5dd1cc03869|c0e83d65-ee6b-58be-bce0-2e3abf975eda|7e7544ec-dab8-5560-a0cd-5b59155f17ac|a08f93b4-d621-52fd-b585-f61153d4d8a4,GK|FB|CB|CB|FB|DM|CM|AM|WG|ST|WG,0.641,0.359,true
cote-divoire,CIV,rating-model-2026.06.24-v1,4-3-3,68,70,69,75,69,71,70,d756477e-5ecc-55c3-9895-3c1e41346709|44b3a66b-e208-56c9-bc58-deeb0abbc706|fc1a20b5-77b6-55f3-87cd-9e90bbbd21ab|20ec8c5e-ef1b-5ca2-9bb9-995ec53235fb|a4f2e184-0d81-5ba3-9916-a9c645787872|59889c10-89dc-536c-b0ef-fb75db7a4013|1fe7c888-472d-5bfa-b81d-67ffa0785852|34baa19f-2751-58fc-9ca6-b654c1ddc0df|666240bb-f6ff-5ccb-be92-ad29230b55d4|d1c98060-3eeb-5a22-bb21-f780ba8f1edd|a86bbda1-54c4-592e-b79e-ffab5d77157d,GK|FB|CB|CB|FB|DM|CM|AM|WG|ST|WG,0.643,0.357,true
croatia,CRO,rating-model-2026.06.24-v1,4-3-3,69,71,70,77,70,72,71,50f9b950-fd2f-5749-9ee4-3766949d6094|b947429c-7269-5f4e-a735-07591ef2e11b|7efa8dfe-09db-565f-9f84-10b161d689e8|c476e416-921f-55f8-a5aa-75ac8ba3c298|fdfbd51d-4061-5cec-8bb0-c05500e8826d|288cb5ac-2bf5-5806-b298-92cf3967d787|cbd3a620-4061-5d63-ada1-2638e68c5d27|29515c8c-39f0-554a-8d03-9dd1e2388931|358c3354-da19-5007-8e97-d1b33a23e572|00bbcfcf-be94-53b9-959b-65ff70143d72|935dad88-800e-52e1-96bf-fe51f9c33b7b,GK|FB|CB|CB|FB|DM|CM|AM|WG|ST|WG,0.66,0.34,true
curacao,CUW,rating-model-2026.06.24-v1,4-3-3,67,67,67,72,67,69,68,1d76a861-d8f0-5870-835f-19ee948a2287|2d0d71fa-35d5-56a9-915b-8739f609fbaa|117ecf0f-4b5a-50ef-8238-065bd69541b3|e4245e09-5504-5502-a721-58bb6379b29b|d7f98d20-1ec6-5933-a9ad-cbe16af4e30a|87ccd17b-4f8b-5154-bee5-7801001ceb18|9e821a73-85b2-5722-9cb6-b2d53f30c6de|f0fb41f1-7772-5309-8a1e-08fd7a6b8157|46fa8560-c622-51e6-b4b5-73273571fd15|d33894a8-566c-5409-b7dc-d14d50f9d7b0|133a4587-4b05-5961-9f29-c8816f205ec8,GK|FB|CB|CB|FB|DM|CM|AM|WG|ST|WG,0.612,0.388,true
czechia,CZE,rating-model-2026.06.24-v1,4-3-3,69,69,69,74,70,70,70,39838c3b-503e-5715-84db-ab86d2b5c8fb|396b0cc6-5944-5e12-acb8-176a5817ff51|b588eea5-d84d-5e9b-a277-76724cd53fe1|c0a7df6b-002e-5b21-b674-53d2cb640f70|3db43fc4-83cf-5a20-a4aa-e361b9b7da31|ebaa6410-93cf-551e-84e8-eef33c305ac1|eb9a523f-5a8b-5617-9264-b654509d7abb|52f32e1a-08cf-58c3-9008-dd7296444617|0025c4e7-f77d-5b14-b1c5-b4529d3c06f8|8b1c1bba-c8f4-58b7-848d-7d9705b08da5|0de1e715-ae58-5165-8f9d-16aa3c724acd,GK|FB|CB|CB|FB|DM|CM|AM|WG|ST|WG,0.643,0.357,true
ecuador,ECU,rating-model-2026.06.24-v1,4-3-3,69,69,70,73,70,70,70,8f5930ef-e009-5436-b619-4904a6a6fc40|6104b1ea-29ad-5f50-9d53-5d1093251140|705bbef5-0ede-51a1-b980-271cc74a7991|74f579b0-8c52-5610-a422-e2127a7e4141|e425cbb5-f746-5878-8c73-75c8a9596e0b|114d7411-06a2-530c-b96c-58eeeb5691f3|ac704c7b-9761-5b59-9098-c7c58cf991e5|677ed7df-0c0b-5b78-b01d-a8a95529d848|07207520-4fa5-504a-8315-2f6516890b83|ea340435-c178-5b2d-af26-9f23028b737f|220358ed-2fd3-591d-8c3a-e54ca6e53d29,GK|FB|CB|CB|FB|DM|CM|AM|WG|ST|WG,0.649,0.351,true
egypt,EGY,rating-model-2026.06.24-v1,4-3-3,69,69,69,74,70,71,70,d81aacd8-e4c5-545b-bc21-2a6874c40c50|7b752fa3-7e4a-5cca-8a0d-697d149fca77|64244656-f660-584f-9df9-71f3ec4cbb69|8d0c5298-b8f2-567b-8cc6-9f688c9d9aff|c16be0f5-afc1-589c-a05d-aaa26f0c50fe|bd6f88ce-4cdd-516b-b1bb-cda53b13b0de|8fe03b44-4cfc-5ee6-8d15-8c3e3b64a29e|c419f8b5-50b3-54e3-bfd5-bef21fddb6e3|55ecb9ec-d8a3-5b0d-a30b-4c7e9c69b9ce|995c6e89-eb4e-5892-a84a-273a2b67818c|095b1737-65ef-5ba5-9f4d-6fb6117a51f4,GK|FB|CB|CB|FB|DM|CM|AM|WG|ST|WG,0.643,0.357,true
england,ENG,rating-model-2026.06.24-v1,4-3-3,71,71,70,77,70,73,71,de3dc4ed-b8b3-51ec-afe2-50ea6c670945|9df35a4b-bb0c-5ad4-a8af-a023e9b76f22|9851e9ea-2eae-54a9-90a3-8c799e40ca29|ab0fa373-ffcb-5bb1-a29f-89de12b799a0|db754b8b-eae9-580c-a454-e898770e20b8|c1ae9b3d-f9bf-5bc5-964f-22da512e6823|062b88a0-149c-55b1-968d-862162711bb4|a4b5bfc5-bfe4-5d21-87be-b11631c1e68b|f69c71a2-c7d0-50a2-9db9-ed22ffef1fa8|d34d65eb-9baf-52d2-8a14-b5ff7d7afc81|6e931d29-b4d6-5590-9107-de333d289238,GK|FB|CB|CB|FB|DM|CM|AM|WG|ST|WG,0.659,0.341,true
france,FRA,rating-model-2026.06.24-v1,4-3-3,70,70,71,77,71,73,71,0d73b3a3-7033-53af-b74e-77eff015b15f|3bb7f4ed-9925-5635-88d0-0a175a4a23e2|8a21e8cd-1a11-5b52-9d85-1a2ed57ae110|9aab8cd7-12bf-529b-a8ce-9d8d5fdb051f|6a02d15d-319c-519c-b083-a84f5d61a27e|2319c588-fe23-52cf-8d6c-3b8ddda9f8c2|532423a0-2007-5b04-9143-d83b208edefc|394f1088-cb67-58af-bba7-b6c253d3fefe|c7b0d738-f0ff-5065-869c-abe56e4af525|5101d3a9-6e5a-5793-a6a7-80df9bfd891f|11476f6f-cfae-573b-93a1-54228b5fe901,GK|FB|CB|CB|FB|DM|CM|AM|WG|ST|WG,0.667,0.333,true
germany,GER,rating-model-2026.06.24-v1,4-3-3,70,71,70,75,71,72,71,bee688af-f5de-52b5-b105-73755defcbc4|455831ea-57a4-5814-8227-42de04c7ff4a|f6ec996c-29ab-5d21-a084-a0101e4f5dec|23fd88ef-b3b1-5425-b972-635cc618c963|6506d8e2-64ff-5440-9d72-c953293941bc|95cacd73-4a4e-5819-a72d-be0b17c8947f|99081d1c-5506-5628-a5bc-6d1ec3a21364|02088a36-0027-5112-be73-88db5444177d|8f30c4d3-b88c-521f-9422-2fc9c8e08af0|2c15974a-6329-5ab0-b0dc-1b2a37844ec3|a4123896-2bba-5be5-abb5-1fd7ee145f03,GK|FB|CB|CB|FB|DM|CM|AM|WG|ST|WG,0.651,0.349,true
ghana,GHA,rating-model-2026.06.24-v1,4-3-3,66,67,67,73,68,69,68,f588529e-3a13-5c53-90aa-c0ec36d6a7ce|8ee0a5b2-b81a-55dd-a255-7a772a156fb8|cda1cf5b-9038-57c5-ab72-f14fd2ac8616|eb7a5a41-d8ea-5f5d-9ee5-ff9fefb3dd07|9835614d-a5bd-5a01-8118-67313a082699|4cf33013-e555-5612-8df5-3ca51bb47b95|7eca10a5-e70b-5f58-918f-b67cafbbb2cc|6d0896c7-5b88-54d8-9345-d8a53d132932|053e3c46-574f-5a7f-9640-c663a523cd5b|74b1fec0-fa61-5be7-9332-3e4c6c30bfb5|0d0ce68a-c196-587f-b686-49ed3d19de7f,GK|FB|CB|CB|FB|DM|CM|AM|WG|ST|WG,0.61,0.39,true
haiti,HAI,rating-model-2026.06.24-v1,4-3-3,67,66,67,71,68,68,67,ab5abe69-c3f8-57f9-b12d-d7d95124d3b9|e6330657-4666-527f-b079-a326e85dc1fe|22584da7-0cce-5a6e-b973-96e9d34f2ab7|7a87a7f7-2574-571d-92e1-f3dceff525a3|92781abd-64cd-5fab-9441-ccb7249bfab7|0269eb67-127d-57ac-bd69-7474d3c7e5ca|08c2e919-cc46-524c-820c-60f83749b88e|4dd5c0df-6d54-5ecb-a51e-8a7786719c03|1a50de5d-ba25-53a3-a329-97a4e1c7cb5d|80a0270c-b738-5fbc-a7cb-1961951d0a02|6507985a-91b1-594d-acaf-289246e3c8b7,GK|FB|CB|CB|FB|DM|CM|AM|WG|ST|WG,0.604,0.396,true
iran,IRN,rating-model-2026.06.24-v1,4-3-3,70,71,69,77,71,72,71,9bc8a059-0d9b-50b3-a65c-ea8625c20d02|185be2ef-1dce-5c1b-9e4a-be66a37c569a|4e661c58-2689-58dd-ac7d-5d345154248f|57e69ead-77ba-543b-b332-e208e1224e42|ed60e79f-3dd5-5dbf-bc16-f0827b1be61c|0214f518-43cd-5287-a448-5fab978b09bf|62e7c1e0-3771-5359-9ed7-15d67d81e343|e001c370-8d1c-5ed7-8d1a-282b4d9270f3|7c5124f8-a126-5af4-b74d-dea7550bb756|b71be385-17e4-5bfe-bb2f-379f200e977c|e110de51-3c23-59b9-be33-f6a7deae5c91,GK|FB|CB|CB|FB|DM|CM|AM|WG|ST|WG,0.658,0.342,true
iraq,IRQ,rating-model-2026.06.24-v1,4-3-3,69,69,68,74,70,70,69,d078ef1a-bd90-58e6-89a1-d8eb9191d1e3|38412ae7-8b88-57a2-8e83-fe45b0c22128|992dee4f-f884-5f97-babc-7e9afed2dcd2|c2fbccad-1fc2-5ffa-851b-d774000f150c|9ce95c8b-f971-5c03-a194-167c924d442b|d76caa59-5abd-5194-9027-837ceadee3a6|1dfb5e01-11a7-570a-b5b2-9021e1ac7428|3d0dd2f5-3cf5-5dcf-ba6e-1ada54f51d74|305d97e5-772b-589f-9023-1a939069bde1|f17cbefb-b8db-5d35-8cfa-bd6b761d163b|2fb225ec-febc-5b65-94ab-d4e8c6335915,GK|FB|CB|CB|FB|DM|CM|AM|WG|ST|WG,0.636,0.364,true
japan,JPN,rating-model-2026.06.24-v1,4-3-3,70,71,70,73,71,71,71,88e32c92-983d-55ef-a80e-267c2d9ee76c|b1a524a5-754a-54cf-93d6-c91ab8f554df|2a38b30e-aae8-5138-b836-8fd505d69e8c|73a0ec20-5feb-5b2b-a39f-b0dbbe5e1e05|0925c064-4017-59de-9ad6-7cf789640993|7e44d1fc-4b33-5481-ab00-9bf825e4349f|e8f1e6fa-f84b-5fa6-95bb-3724b3172296|94b758f7-7514-518e-8f97-98bf327408cb|8a984f0b-6c44-5daf-9dba-c3aa1ffa679a|c37364f8-ea34-5b73-bd50-525431595453|cb61e3b0-0a76-5f09-9f9e-f2aaef0042e0,GK|FB|CB|CB|FB|DM|CM|AM|WG|ST|WG,0.657,0.343,true
jordan,JOR,rating-model-2026.06.24-v1,4-3-3,69,69,68,74,69,70,69,d03103b6-1413-54bf-aa85-14793a94c8e7|3e719851-ae11-550b-a2d8-210832dd1484|dbfbcb9b-34c4-5528-8951-7b1948808a6e|02a9186b-cbf9-519e-ad4e-da60ddc16ee6|1ca3b99c-25a3-5e76-ab33-f098f85b4401|4d947004-c0d2-598d-b0c0-55ac52a00ab2|595576fb-1c41-57fe-8b4c-26aae2a73d18|85bf4f47-ed7f-592d-ac21-040a323fe06a|79c8742c-9c1e-54b8-ae6e-5e730dc0d3dc|1f3521ae-177f-52c5-9861-027f350ac755|3f64488a-b2aa-5aa7-a233-de06ccc0e2bf,GK|FB|CB|CB|FB|DM|CM|AM|WG|ST|WG,0.631,0.369,true
korea-republic,KOR,rating-model-2026.06.24-v1,4-3-3,70,70,69,75,71,71,70,b73e4c60-2b0b-54e0-b8b8-ef6d4fcf3c8d|29eecfde-7750-50c2-8ecb-75c235d00fba|9bb94f19-02aa-57a4-b603-6ba5d2e3fc41|1b0d819c-ae42-5c2a-aa00-8f79b672ded2|1ebc2bcc-f4ab-54c3-966e-abdbc3854d46|128e7d1e-27b3-5d1a-9601-7225b011cc5e|3468dc1b-e207-54c8-a68b-79c5a57c9d9f|a3ce4497-93f0-56b0-b652-b5e9c04e6cd3|772a4e09-61b9-529e-895a-70860c125886|0c667344-4199-5b34-9f5f-d67f61263d87|c8f943b6-b4e0-5609-a560-0f0d624926ff,GK|FB|CB|CB|FB|DM|CM|AM|WG|ST|WG,0.647,0.353,true
mexico,MEX,rating-model-2026.06.24-v1,4-3-3,70,70,70,74,71,71,71,57f6d205-ed0b-56c8-a2ee-f410e88db10e|3745a694-eb3d-50fe-934c-f93c5e408f4c|820e7e9f-332d-5e20-8aa9-34555d4b9983|ae24833e-c5dd-5977-b1a3-21caa6fecaf1|5710bbd3-8daa-5d5c-ab01-87c940673fae|694635d6-d81f-5c20-97ef-48252063fe86|10d3607d-1563-50fc-95bc-a3784955b144|ebe264fb-28c1-5426-857c-21d9ffee9d97|323675bd-2918-5c38-b5b6-5e4f0248cb3b|d327c94b-ce46-50c1-b6c8-3c087cc93645|4d24f300-14c4-5ec6-9460-a9957a5b7e16,GK|FB|CB|CB|FB|DM|CM|AM|WG|ST|WG,0.662,0.338,true
morocco,MAR,rating-model-2026.06.24-v1,4-3-3,70,70,70,77,71,72,71,7cfeea61-7185-5495-b508-8ee096dd4885|9306d483-1c76-5a66-bcb3-9a0b1756b035|a2025baa-a8d4-5c7a-9880-0c4fd404ee9d|077f017b-3ddc-51e8-a8e5-bf2ad7d70d72|18e33736-513a-5dcb-af08-379eabcc8c4f|4118eb4e-9168-5dd4-b326-7f75a7e49229|496806b4-84a7-5170-b335-3f59ef4ea745|a57d0a8c-9f01-59e9-a9f0-9733dbbb05a7|98fa4bd9-86a3-5730-920c-7e0f016013c1|d5a0c263-28f1-54e3-aee8-a11115ecbe39|99dfbb87-405b-5318-bad9-23bd07eb741f,GK|FB|CB|CB|FB|DM|CM|AM|WG|ST|WG,0.649,0.351,true
netherlands,NED,rating-model-2026.06.24-v1,4-3-3,71,70,70,75,71,72,71,41676441-e6e3-5323-a50f-c317ef629ba5|0c87b200-7ca6-58b2-b05e-201fa3a1bbd1|bda9cbe4-80b1-5cd7-8c2a-735969f323a9|2365c5eb-987d-519e-b46e-d129e4397fa3|6ea828ff-9b72-5f50-a50b-3ca73e09e3b1|44ccc5a5-f77f-5572-acba-012d5fbe475f|4c417572-b445-5368-817c-6845ad1f9579|8ff372e7-68aa-5015-9a88-96afc51b34af|622504c2-5aed-5d51-86c3-8fa0af9de1df|1d51e2a8-0ff1-5249-8323-73e1c74a245f|714131fb-60e9-5914-af58-b06a1b5d46da,GK|FB|CB|CB|FB|DM|CM|AM|WG|ST|WG,0.664,0.336,true
new-zealand,NZL,rating-model-2026.06.24-v1,4-3-3,67,68,67,72,68,69,68,fa17e339-ee0c-57cc-8e6f-9dc16377fe51|2c42614b-16d4-528a-aa49-e58dade96ac0|3f548b59-5734-5c10-bcfd-17d1c483408f|3227bf3f-ac77-5af7-a46f-acb7896d5da0|9e275022-ec0f-585b-be69-00d1d3e2dc9e|1ae3a561-f399-5328-b2b2-d4ffc6e3f096|2a8de1d1-6e25-5f51-8f7d-184a91b49af2|8808ae79-8501-5415-bb32-2101af412481|06e49c25-944b-5d42-8ce8-8d66c5fcc6b5|e0107da3-98f0-54e4-b1fe-25417e2e0810|168caee7-00f0-5bcc-ac82-a81a3c66df13,GK|FB|CB|CB|FB|DM|CM|AM|WG|ST|WG,0.627,0.373,true
norway,NOR,rating-model-2026.06.24-v1,4-3-3,70,70,70,75,70,72,71,8ee5ce72-c9bc-5cfc-82ba-d2d35c2fa52b|d1ad5418-ac6d-5835-aed3-29bc24cc48ef|44d9828f-a45f-5fa3-8af6-150a92703f57|d8ca5836-fa21-58ad-8efa-c9f9522a186d|02a40f79-8375-5996-ba05-871c6a2f540c|65014744-4e2a-57ad-a57f-93c76e18c765|4d8b7551-70f1-5caf-a24d-6fd98384e980|d526f2b8-2e35-5c10-904c-bfdc9efc44dc|7ab8dfb8-318a-59e2-8c88-3359ac8ff8e2|a2c97684-f52c-5ba9-bd82-74a9740c1737|625e070a-d110-5628-9c54-d2c788b3208d,GK|FB|CB|CB|FB|DM|CM|AM|WG|ST|WG,0.651,0.349,true
panama,PAN,rating-model-2026.06.24-v1,4-3-3,69,70,70,76,71,71,71,e823fb06-8490-58d6-9b0f-673e68630ff6|180b143e-aaf3-542d-b8c3-f8606032719d|1d26105e-393d-511a-88df-7d2d7ac369b8|27965ea6-5f0c-59ba-ab8b-ca9710877dcd|362cb14c-2d2b-5541-b28c-5d02432020de|17c8d308-3528-5a4e-8d30-25e0778ec4c6|3af3a875-6120-5037-a3c1-0d5aeaf168fc|f5aac770-8abd-5423-8ece-a708efc6a6ab|a789d7f5-d8d1-5403-9ef9-d78f28e78ec0|c58b1899-8933-5993-8f3c-5022a87fbbf2|860dd531-c5b8-568b-b970-435acf555272,GK|FB|CB|CB|FB|DM|CM|AM|WG|ST|WG,0.662,0.338,true
paraguay,PAR,rating-model-2026.06.24-v1,4-3-3,67,68,68,72,69,69,69,2853c21d-34fc-588b-a1e1-431886478cbc|fea7cb45-2696-5322-ae86-3f21f55c642b|32447ec8-853e-59a6-b16a-698f0be521aa|8018dc1d-8166-5fe6-baa9-ac4842fe0296|9926c6aa-dd5b-5d67-8326-8695f1166e07|52e034f0-fc4b-5b3c-aaf4-2add8c558ac1|9545cf5d-2627-5f81-9a0e-bc03d9ab0c78|c5d0b8da-60c6-50c0-8af4-ef4de11f0b66|3a4d5f08-8a83-5f8e-a6fa-d1d1195cccb4|409027bf-2064-5156-a120-8d7f17161884|860ffe76-8b9a-5502-9b3e-f1d71776774e,GK|FB|CB|CB|FB|DM|CM|AM|WG|ST|WG,0.637,0.363,true
portugal,POR,rating-model-2026.06.24-v1,4-3-3,71,71,70,76,71,72,71,588f4af6-3e86-57ad-a2c3-61f99fa1c3b8|596521f6-9990-55e4-aff6-bb3aa4a77eeb|7a2acad2-099f-533f-988b-32b594e94c25|3f8beaf4-3ddb-5848-b42f-d82420208d1d|53d187cf-f555-5aca-a1dc-f64b664847e7|46a1d709-8109-5f5b-b539-55d2ef2c1542|471001db-5df1-5703-85b9-0dddfe6c9d2a|ef8b0f3f-afa3-5a32-871c-5b758dcbe246|d354fc71-dfe4-53a9-b409-3edc76118401|1335db7d-5bf3-5e9a-99ed-98969735ecbe|f73899ef-c170-51e3-8356-ebb8e5a62b93,GK|FB|CB|CB|FB|DM|CM|AM|WG|ST|WG,0.673,0.327,true
qatar,QAT,rating-model-2026.06.24-v1,4-3-3,69,68,68,74,69,70,69,96e72975-82a6-568f-89c2-683fc26d5720|671c650b-5a2d-55e1-970f-9c8269ab7610|7d0f4543-7e37-5721-8f98-d2b62f24204c|e5abad05-6049-5183-8c4a-09bf63c9c7d3|9dd4c24d-280c-5cc9-a577-df4229dec14b|882fb674-5e01-5d5d-a135-d3c75e314166|a22427ca-cf29-5e5c-86f9-ced0c4d08eb7|ec4b5cb6-6955-502e-8bfc-4fd9cdc6c0c4|13f781d6-a3e5-592b-a7cb-3b88434b4350|d7886cc2-1167-555f-a6c3-ed85836b6acb|7d03af46-013d-5577-a3f5-1d7d9dfc6652,GK|FB|CB|CB|FB|DM|CM|AM|WG|ST|WG,0.638,0.362,true
saudi-arabia,KSA,rating-model-2026.06.24-v1,4-3-3,68,69,68,73,69,70,69,df5b964a-d4f9-5998-b72c-049975796fed|0b655254-68e0-53de-871d-a1f8d0af0994|9efcfb5a-2c8e-5b9b-8e14-ea8ff7009717|072e5a76-c5c4-5477-a691-ec3e22988122|0eaa8d40-1a7c-591b-966e-a70bf34152fa|5bebe447-ec68-5727-b3a1-a3200a02b045|c136f2ce-620d-548e-97c9-e4565663f958|3be9d283-0ce2-56fe-b94d-29aa4db9489b|2c50c0f0-c5a4-5591-9e7c-46e0c37e2320|7a4f1120-3cb9-5c10-bfa6-02da97621614|3771b1b1-365a-56d7-8cb8-a3cb53095f0e,GK|FB|CB|CB|FB|DM|CM|AM|WG|ST|WG,0.636,0.364,true
scotland,SCO,rating-model-2026.06.24-v1,4-3-3,69,70,69,75,70,71,70,f531a5d6-4ccd-532a-a801-04eb7b163a0c|00ee2f80-293d-54ff-a52c-155ed2adcec3|1410c9f6-1ced-5875-93fc-14bbda155844|48a7c069-4753-5fb5-9399-379fb7cb86af|1fbcb32c-7470-5e5d-a585-6518c0b5bb19|f96be824-56af-55be-8b79-7bb7bed28d9f|82813271-9c38-50c4-95c0-efe4da9425bb|4c4b6f49-f519-5995-8ab0-23c7f66429c0|1033d94a-3c12-5466-a50e-85842c4af5fd|12fd5f8b-74f7-5989-97a6-353a2cfb89e1|5078f5c2-51e4-535f-8ab2-f9823a6f4cb8,GK|FB|CB|CB|FB|DM|CM|AM|WG|ST|WG,0.645,0.355,true
senegal,SEN,rating-model-2026.06.24-v1,4-3-3,70,70,70,76,70,72,71,5e3c3b04-5427-5031-8722-9b6afabdf2d4|a1383bd9-df13-5fc4-bc84-546790ed1706|c5caf240-7cbd-5ec2-aa75-fdca16b4d99a|45192ca3-a5b3-5411-9dba-63159a8e0086|b600b039-17e5-55a5-8b0a-46cade20505a|4b90778e-4f1e-5c23-a61c-859589448567|228e5d5f-4cfa-552b-9af4-b6b0bd60338b|34f1d1ce-639c-5b14-a78d-a42cb6fae4ab|8f119adb-00d6-5008-95a4-c6ca937fd53c|438206d3-0cdc-53c3-bd4f-009db27ee542|2bb0a933-fc34-5f4a-8aa0-2c35e7a95754,GK|FB|CB|CB|FB|DM|CM|AM|WG|ST|WG,0.661,0.339,true
south-africa,RSA,rating-model-2026.06.24-v1,4-3-3,68,68,67,73,68,69,69,e9957f02-7cc7-562d-b8fa-c953cec833ef|09e33ae2-b910-55a4-baa6-6f02c8339b7c|05dc5015-4e8e-55d9-afdd-d26a8929374d|58c6093c-f097-5855-afcb-5df2a5de20f6|7558cc62-2b33-50ea-9bd1-843abaa0bc6e|b4007106-407b-5f26-9eb1-7d3853a15a83|fc410b9a-5b69-521e-adf4-bf11f5e916eb|5527e242-007d-5881-9b00-1e011b31d078|a2b28252-68cb-51ee-9cb1-4704421c4ab7|a96ad3b7-8220-5dbc-a295-64adf432f3c1|90f023e5-a9a4-52e5-95bf-ac6f03c8201a,GK|FB|CB|CB|FB|DM|CM|AM|WG|ST|WG,0.617,0.383,true
spain,ESP,rating-model-2026.06.24-v1,4-3-3,71,71,70,77,71,73,72,62ffb7f3-48e7-5e90-8149-9e8e35b19799|3570ab57-1ddd-5091-b260-f4cde00ea89e|b0c25c02-b0a4-5b84-8fae-dad8399b9264|b7214c2f-6c31-53f8-a586-af66ca92edba|c93f28fc-0e04-55ea-8213-c05480d98acd|27149956-eadf-517b-80c0-6d816e511bbd|e459e062-0781-56d5-93bb-9fba975bda24|c5333063-6fc8-52ed-9059-285c89f2ccc0|7aa78b4a-52a6-5995-9789-fa03f1cc88af|ba33a86e-c367-58a3-b006-8b100222bcb4|f02cfaf9-9356-5c35-a7de-9bfd9f0849d6,GK|FB|CB|CB|FB|DM|CM|AM|WG|ST|WG,0.674,0.326,true
sweden,SWE,rating-model-2026.06.24-v1,4-3-3,69,68,69,72,70,70,69,12a2edc4-d0c9-5490-8934-1475629b040b|44e358a6-dc40-5b1b-9e19-67005f860c6e|f336ac24-7931-56f9-a597-f8e0b9237758|2106ebaa-5e6d-57db-914a-1fc1f4c9cb18|4930900e-b399-5835-bb16-15dc70e46d77|43c86116-f59a-5075-adf2-c6d403b4aad6|41bdeeca-6576-548f-bc13-10909200b89f|d035e8b1-ee09-5de7-973b-9790c68c367d|93547036-e4c9-591f-b33a-33665bcf874b|ac87f4ff-ac68-5bc3-890a-732d10168ce1|68d658b6-91d8-5c28-8a66-f5b885c94ca1,GK|FB|CB|CB|FB|DM|CM|AM|WG|ST|WG,0.632,0.368,true
switzerland,SUI,rating-model-2026.06.24-v1,4-3-3,70,70,70,75,71,72,71,590cfde7-834d-5335-b4bb-c78f6920f968|0013fff9-3d02-57f4-9ad2-0aedbd8816c0|93047529-d1a2-5251-97af-80ef48480f1b|3de58fa6-6490-5970-a8c5-19696a886276|8a0799c4-e24a-5bfc-8a59-51bc6825ab8f|c626008c-35cc-5275-9243-535695f6208e|cc13c998-a3cf-56d8-a984-9ab8cca4e7fd|00b18f2f-1c7b-5ffb-8d19-f5bb34223848|10f488ce-55d6-55c3-a187-dd637d15c22b|cb434dae-4e2e-536b-9a7c-7ec02834e4c5|b51a534e-11ab-5193-900a-29ad6d290485,GK|FB|CB|CB|FB|DM|CM|AM|WG|ST|WG,0.661,0.339,true
tunisia,TUN,rating-model-2026.06.24-v1,4-3-3,68,69,69,74,69,70,69,3192bdf7-953f-5fbc-b515-386db3189173|4fd07c1c-fc38-5ae9-8718-0335b33e3b74|87f0e1a4-1459-54f1-9c6a-c7df04143395|dec0f99f-2f49-56ad-95f4-d1733bc7b4a5|d1cde7b5-f6de-5445-85df-2d93ce68aa24|47eb0265-27ec-5b50-8c72-3dceaba3d81b|dc33942c-d8e1-5138-a0f8-69adbf920e01|3cb4169a-16d3-5385-9efd-173d9d469db2|abeeb82b-2615-5f80-82c7-52321abbdc34|1b813d66-67ba-5ab1-a549-a3407f6eb2bd|4d4c1a8d-a371-5919-93c8-2884b27fe6b8,GK|FB|CB|CB|FB|DM|CM|AM|WG|ST|WG,0.626,0.374,true
turkiye,TUR,rating-model-2026.06.24-v1,4-3-3,69,70,70,76,71,72,71,7f5cc162-507c-5dcf-8dd3-894b417116f3|28e3cf9e-ee9b-5cd7-b5dc-84e9a60deaa0|90f0036d-1e3e-5298-beb0-eb44937f13f5|dca0b2b0-94ec-5fa6-b966-e44d42ac693a|5b0a158d-3f17-5460-abf7-b3bbbce0e01c|56238961-27ba-52da-92be-4d5e1f717c09|1c25b5e8-8b6b-59e8-96bb-4b5120ed152c|850d26d4-dd78-5f3d-92e4-cc54426967b3|16a2d65a-5f38-562f-b707-15d3a269bbea|3898fb8c-07e9-5d52-8787-f4ac9c3ca37c|89b6ca83-74ad-5aef-a95a-4c05b2312786,GK|FB|CB|CB|FB|DM|CM|AM|WG|ST|WG,0.667,0.333,true
united-states,USA,rating-model-2026.06.24-v1,4-3-3,70,70,70,76,71,72,71,9eb99ac9-b958-5f4b-97a0-1c76e2aa45f7|31b8f0fc-bc9c-5469-a440-9b5e5133a0fa|3223bbd7-8298-55a2-927c-30cbf2869f57|85552119-8839-5810-be65-1ee7ff5d2419|bb5cff86-a7a0-56fa-801a-83f257cd86cd|0f88b532-5c8a-57cc-98f6-08f671050509|bc327739-6c9d-55c4-b4da-132227c28417|5fd90e7f-b40d-55f9-8cb2-87d3b744f85d|895f257c-ee6d-5004-9eca-4111e46d55ff|474a2210-9178-5b83-a0b4-96a45acaf7fd|53b173d9-429c-57fc-8b74-f18c97138b56,GK|FB|CB|CB|FB|DM|CM|AM|WG|ST|WG,0.669,0.331,true
uruguay,URU,rating-model-2026.06.24-v1,4-3-3,69,71,70,75,71,71,71,2ffd9d15-62b8-568f-aece-b5b94c8178c2|ac3b574a-e7d1-5d63-b1ce-fbebaa1fde3f|20052d39-77f6-5606-a943-510089dc90a0|681cccf1-a693-5336-bf07-1df64aecb49d|f37087bc-d341-5182-8577-9b9d309196ef|15b33257-900c-5be3-806c-e90d9eefcc6c|652fdd5e-8398-5aa9-9037-6a7fe16d249e|866a3365-22f7-597c-b41f-6ec63d171fa1|8804a489-f8c8-5c96-9fa1-d4a4a4d5ea97|07aa22ca-3694-5563-9dda-179b9c3ded2d|f06516c2-866b-5a33-bc8a-95e5589181c2,GK|FB|CB|CB|FB|DM|CM|AM|WG|ST|WG,0.664,0.336,true
uzbekistan,UZB,rating-model-2026.06.24-v1,4-3-3,68,69,68,73,70,70,69,b888167d-3eeb-581b-81fe-1de329204b6e|0a44613e-6287-52d4-b2e0-445b948e5d70|1e3192b8-487d-5872-ae86-c9fa07a19aaf|938bf191-0e5e-5bb4-9b8c-7b3cd7eeba33|c53d746e-2a9f-554b-b1c1-38c6a536bf53|b2b9c30f-42d8-5fbe-99fb-baed1e5ad237|c152a436-3283-52b1-9d6d-6df357f8199c|34a4beaf-830d-56c0-8859-15e279c3c954|645527fd-e920-5c58-a9c2-b29c92041d10|57b0e893-7ad1-5532-ac88-2c997923ccb7|101dbf0a-d102-5573-b811-b7d6a4a2382c,GK|FB|CB|CB|FB|DM|CM|AM|WG|ST|WG,0.64,0.36,true
